Block Name,Point ID,k,nu,nut,omega,p,Points_0,Points_1,Points_2,Points_Magnitude,U_0,U_1,U_2,U_Magnitude
internalMesh,0,0.000293408,0.000169981,0.000318692,0.923011,0.00251254,0,-0.3,9,9.005,-6.85632e-08,0.000576436,0.453735,0.453736
internalMesh,1,0.000293408,0.000169981,0.000318692,0.923011,0.00251254,0,-0.3,9,9.005,-6.85632e-08,0.000576436,0.453735,0.453736
internalMesh,2,0.000284503,0.000176555,0.000332556,0.860895,0.00251253,0,-0.292915,9,9.00477,-7.15779e-08,0.000577358,0.454994,0.454994
internalMesh,3,0.000275318,0.000183334,0.000346854,0.796839,0.00251252,0,-0.285608,9,9.00453,-7.46875e-08,0.000578308,0.456291,0.456292
internalMesh,4,0.000275318,0.000183334,0.000346854,0.796839,0.00251252,0,-0.285608,9,9.00453,-7.46875e-08,0.000578308,0.456291,0.456292
internalMesh,5,0.000268424,0.000191391,0.000365082,0.740582,0.00251247,0,-0.27814,9,9.0043,-8.16677e-08,0.000575231,0.457393,0.457393
internalMesh,6,0.000268424,0.000191391,0.000365082,0.740582,0.00251247,0,-0.27814,9,9.0043,-8.16677e-08,0.000575231,0.457393,0.457393
internalMesh,7,0.000268424,0.000191391,0.000365082,0.740582,0.00251247,0,-0.27814,9,9.0043,-8.16677e-08,0.000575231,0.457393,0.457393
internalMesh,8,0.000261947,0.00019896,0.000382206,0.687735,0.00251243,0,-0.271124,9,9.00408,-8.82246e-08,0.000572339,0.458427,0.458427
internalMesh,9,0.00025347,0.000215408,0.000418963,0.606525,0.00251231,0,-0.256551,9,9.00366,-9.59371e-08,0.000559738,0.460068,0.460069
internalMesh,10,0.00025347,0.000215408,0.000418963,0.606525,0.00251231,0,-0.256551,9,9.00366,-9.59371e-08,0.000559738,0.460068,0.460069
internalMesh,11,0.00025347,0.000215408,0.000418963,0.606525,0.00251231,0,-0.256551,9,9.00366,-9.59371e-08,0.000559738,0.460068,0.460069
internalMesh,12,0.000251535,0.000222006,0.000432727,0.583721,0.00251227,0,-0.250856,9,9.0035,-9.84972e-08,0.000552812,0.460564,0.460564
internalMesh,13,0.000248491,0.000232385,0.000454381,0.547843,0.00251219,0,-0.241895,9,9.00325,-1.02525e-07,0.000541915,0.461343,0.461343
internalMesh,14,0.000248491,0.000232385,0.000454381,0.547843,0.00251219,0,-0.241895,9,9.00325,-1.02525e-07,0.000541915,0.461343,0.461343
internalMesh,15,0.000246884,0.000243204,0.000475088,0.521116,0.00251212,0,-0.232744,9,9.00301,-1.05599e-07,0.000528325,0.461964,0.461965
internalMesh,16,0.000246884,0.000243204,0.000475088,0.521116,0.00251212,0,-0.232744,9,9.00301,-1.05599e-07,0.000528325,0.461964,0.461965
internalMesh,17,0.000246884,0.000243204,0.000475088,0.521116,0.00251212,0,-0.232744,9,9.00301,-1.05599e-07,0.000528325,0.461964,0.461965
internalMesh,18,0.000245904,0.000249805,0.000487723,0.504809,0.00251207,0,-0.227161,9,9.00287,-1.07473e-07,0.000520033,0.462344,0.462344
internalMesh,19,0.000245904,0.000249805,0.000487723,0.504809,0.00251207,0,-0.227161,9,9.00287,-1.07473e-07,0.000520033,0.462344,0.462344
internalMesh,20,0.000245544,0.000256433,0.00049922,0.49286,0.00251203,0,-0.221665,9,9.00273,-1.08449e-07,0.000510716,0.462638,0.462638
internalMesh,21,0.000244935,0.000267662,0.000518701,0.472614,0.00251195,0,-0.212352,9,9.00251,-1.101e-07,0.000494929,0.463137,0.463138
internalMesh,22,0.000244935,0.000267662,0.000518701,0.472614,0.00251195,0,-0.212352,9,9.00251,-1.101e-07,0.000494929,0.463137,0.463138
internalMesh,23,0.000244997,0.000278176,0.000535064,0.458525,0.00251188,0,-0.203791,9,9.00231,-1.10971e-07,0.000478981,0.463502,0.463502
internalMesh,24,0.000244997,0.000278176,0.000535064,0.458525,0.00251188,0,-0.203791,9,9.00231,-1.10971e-07,0.000478981,0.463502,0.463502
internalMesh,25,0.000244997,0.000278176,0.000535064,0.458525,0.00251188,0,-0.203791,9,9.00231,-1.10971e-07,0.000478981,0.463502,0.463502
internalMesh,26,0.000245043,0.000285932,0.000547136,0.448131,0.00251183,0,-0.197475,9,9.00217,-1.11613e-07,0.000467217,0.463771,0.463771
internalMesh,27,0.000245043,0.000285932,0.000547136,0.448131,0.00251183,0,-0.197475,9,9.00217,-1.11613e-07,0.000467217,0.463771,0.463771
internalMesh,28,0.000245331,0.000292579,0.000556369,0.441385,0.00251179,0,-0.192138,9,9.00205,-1.11823e-07,0.000456556,0.463952,0.463952
internalMesh,29,0.000245849,0.000304544,0.000572988,0.429242,0.00251172,0,-0.182533,9,9.00185,-1.122e-07,0.000437366,0.464279,0.464279
internalMesh,30,0.000245849,0.000304544,0.000572988,0.429242,0.00251172,0,-0.182533,9,9.00185,-1.122e-07,0.000437366,0.464279,0.464279
internalMesh,31,0.000246821,0.000319337,0.000591337,0.417623,0.00251163,0,-0.170736,9,9.00162,-1.11974e-07,0.000412501,0.464602,0.464602
internalMesh,32,0.000246821,0.000319337,0.000591337,0.417623,0.00251163,0,-0.170736,9,9.00162,-1.11974e-07,0.000412501,0.464602,0.464602
internalMesh,33,0.000246821,0.000319337,0.000591337,0.417623,0.00251163,0,-0.170736,9,9.00162,-1.11974e-07,0.000412501,0.464602,0.464602
internalMesh,34,0.000247085,0.000323355,0.00059632,0.414468,0.0025116,0,-0.167531,9,9.00156,-1.11912e-07,0.000405747,0.464689,0.46469
internalMesh,35,0.000248557,0.000342125,0.000617203,0.402792,0.00251149,0,-0.152475,9,9.00129,-1.11013e-07,0.000372656,0.465021,0.465022
internalMesh,36,0.000248557,0.000342125,0.000617203,0.402792,0.00251149,0,-0.152475,9,9.00129,-1.11013e-07,0.000372656,0.465021,0.465022
internalMesh,37,0.000250125,0.000360507,0.000635739,0.393489,0.00251139,0,-0.13737,9,9.00105,-1.09649e-07,0.000338338,0.46529,0.46529
internalMesh,38,0.000250125,0.000360507,0.000635739,0.393489,0.00251139,0,-0.13737,9,9.00105,-1.09649e-07,0.000338338,0.46529,0.46529
internalMesh,39,0.000251691,0.000378057,0.00065204,0.386036,0.0025113,0,-0.12222,9,9.00083,-1.07924e-07,0.000302998,0.465508,0.465508
internalMesh,40,0.000251691,0.000378057,0.00065204,0.386036,0.0025113,0,-0.12222,9,9.00083,-1.07924e-07,0.000302998,0.465508,0.465508
internalMesh,41,0.000253183,0.000394283,0.000666212,0.380052,0.00251121,0,-0.107029,9,9.00064,-1.05923e-07,0.000266811,0.465683,0.465683
internalMesh,42,0.000253183,0.000394283,0.000666212,0.380052,0.00251121,0,-0.107029,9,9.00064,-1.05923e-07,0.000266811,0.465683,0.465683
internalMesh,43,0.000253183,0.000394283,0.000666212,0.380052,0.00251121,0,-0.107029,9,9.00064,-1.05923e-07,0.000266811,0.465683,0.465683
internalMesh,44,0.000253274,0.000395246,0.000667022,0.379732,0.00251121,0,-0.106014,9,9.00062,-1.05776e-07,0.000264351,0.465692,0.465692
internalMesh,45,0.000254551,0.000408717,0.000678351,0.375259,0.00251114,0,-0.0918044,9,9.00047,-1.03687e-07,0.000229924,0.465823,0.465823
internalMesh,46,0.000254551,0.000408717,0.000678351,0.375259,0.00251114,0,-0.0918044,9,9.00047,-1.03687e-07,0.000229924,0.465823,0.465823
internalMesh,47,0.000255606,0.000419463,0.000687258,0.371931,0.00251109,0,-0.0784563,9,9.00034,-1.01522e-07,0.000197152,0.46592,0.46592
internalMesh,48,0.000255606,0.000419463,0.000687258,0.371931,0.00251109,0,-0.0784563,9,9.00034,-1.01522e-07,0.000197152,0.46592,0.46592
internalMesh,49,0.000255606,0.000419463,0.000687258,0.371931,0.00251109,0,-0.0784563,9,9.00034,-1.01522e-07,0.000197152,0.46592,0.46592
internalMesh,50,0.000255757,0.000420998,0.000688531,0.371456,0.00251108,0,-0.0765494,9,9.00033,-1.01212e-07,0.000192471,0.465934,0.465934
internalMesh,51,0.000256776,0.000430928,0.000696809,0.368499,0.00251104,0,-0.0612695,9,9.00021,-9.85492e-08,0.000154565,0.466019,0.466019
internalMesh,52,0.000256776,0.000430928,0.000696809,0.368499,0.00251104,0,-0.0612695,9,9.00021,-9.85492e-08,0.000154565,0.466019,0.466019
internalMesh,53,0.000256776,0.000430928,0.000696809,0.368499,0.00251104,0,-0.0612695,9,9.00021,-9.85492e-08,0.000154565,0.466019,0.466019
internalMesh,54,0.0002569,0.000432089,0.000697796,0.368158,0.00251103,0,-0.0589157,9,9.00019,-9.81213e-08,0.000148679,0.466029,0.466029
internalMesh,55,0.000257586,0.000438474,0.000703224,0.366286,0.002511,0,-0.0459696,9,9.00012,-9.57627e-08,0.000116309,0.466083,0.466083
internalMesh,56,0.000257586,0.000438474,0.000703224,0.366286,0.002511,0,-0.0459696,9,9.00012,-9.57627e-08,0.000116309,0.466083,0.466083
internalMesh,57,0.000257844,0.000440781,0.000705237,0.365609,0.002511,0,-0.0392311,9,9.00009,-9.44922e-08,9.93645e-05,0.466102,0.466102
internalMesh,58,0.000257844,0.000440781,0.000705237,0.365609,0.002511,0,-0.0392311,9,9.00009,-9.44922e-08,9.93645e-05,0.466102,0.466102
internalMesh,59,0.000257844,0.000440781,0.000705237,0.365609,0.002511,0,-0.0392311,9,9.00009,-9.44922e-08,9.93645e-05,0.466102,0.466102
internalMesh,60,0.000258174,0.000443718,0.000707798,0.364747,0.00251098,0,-0.0306548,9,9.00005,-9.2874e-08,7.77984e-05,0.466127,0.466127
internalMesh,61,0.00025853,0.000446791,0.000710542,0.363839,0.00251097,0,-0.0153299,9,9.00001,-8.99126e-08,3.91204e-05,0.466152,0.466152
internalMesh,62,0.00025853,0.000446791,0.000710542,0.363839,0.00251097,0,-0.0153299,9,9.00001,-8.99126e-08,3.91204e-05,0.466152,0.466152
internalMesh,63,0.000258649,0.000447802,0.00071146,0.363536,0.00251097,0,0,9,9,-8.69004e-08,3.59337e-07,0.466161,0.466161
internalMesh,64,0.000258649,0.000447802,0.00071146,0.363536,0.00251097,0,0,9,9,-8.69004e-08,3.59337e-07,0.466161,0.466161
internalMesh,65,0.000258529,0.000446792,0.000710553,0.363832,0.00251098,0,0.0153299,9,9.00001,-8.38882e-08,-3.84023e-05,0.466152,0.466152
internalMesh,66,0.000258529,0.000446792,0.000710553,0.363832,0.00251098,0,0.0153299,9,9.00001,-8.38882e-08,-3.84023e-05,0.466152,0.466152
internalMesh,67,0.000258529,0.000446792,0.000710553,0.363832,0.00251098,0,0.0153299,9,9.00001,-8.38882e-08,-3.84023e-05,0.466152,0.466152
internalMesh,68,0.000258529,0.000446792,0.000710553,0.363832,0.00251098,0,0.0153299,9,9.00001,-8.38872e-08,-3.84023e-05,0.466152,0.466152
internalMesh,69,0.000258171,0.000443719,0.000707819,0.364733,0.002511,0,0.0306548,9,9.00005,-8.08873e-08,-7.70821e-05,0.466127,0.466127
internalMesh,70,0.000258171,0.000443719,0.000707819,0.364733,0.002511,0,0.0306548,9,9.00005,-8.08873e-08,-7.70821e-05,0.466127,0.466127
internalMesh,71,0.000257848,0.000440843,0.000705315,0.365574,0.00251102,0,0.0390532,9,9.00008,-7.92696e-08,-9.82026e-05,0.466102,0.466102
internalMesh,72,0.000257848,0.000440843,0.000705315,0.365574,0.00251102,0,0.0390532,9,9.00008,-7.92696e-08,-9.82026e-05,0.466102,0.466102
internalMesh,73,0.000257848,0.000440843,0.000705315,0.365574,0.00251102,0,0.0390532,9,9.00008,-7.92696e-08,-9.82026e-05,0.466102,0.466102
internalMesh,74,0.000257582,0.000438475,0.000703253,0.366266,0.00251103,0,0.0459696,9,9.00012,-7.79364e-08,-0.000115596,0.466083,0.466083
internalMesh,75,0.000257582,0.000438475,0.000703253,0.366266,0.00251103,0,0.0459696,9,9.00012,-7.79364e-08,-0.000115596,0.466083,0.466083
internalMesh,76,0.000256873,0.000431873,0.000697643,0.3682,0.00251107,0,0.059357,9,9.0002,-7.53999e-08,-0.000149073,0.466027,0.466027
internalMesh,77,0.000256772,0.000430929,0.000696842,0.368476,0.00251107,0,0.0612695,9,9.00021,-7.50374e-08,-0.000153855,0.466019,0.466019
internalMesh,78,0.000256772,0.000430929,0.000696842,0.368476,0.00251107,0,0.0612695,9,9.00021,-7.50374e-08,-0.000153855,0.466019,0.466019
internalMesh,79,0.000255753,0.000420998,0.000688565,0.371431,0.00251113,0,0.0765494,9,9.00033,-7.22375e-08,-0.000191767,0.465934,0.465934
internalMesh,80,0.000255753,0.000420998,0.000688565,0.371431,0.00251113,0,0.0765494,9,9.00033,-7.22375e-08,-0.000191767,0.465934,0.465934
internalMesh,81,0.000255602,0.000419463,0.000687292,0.371906,0.00251114,0,0.0784563,9,9.00034,-7.19016e-08,-0.00019645,0.46592,0.46592
internalMesh,82,0.000255602,0.000419463,0.000687292,0.371906,0.00251114,0,0.0784563,9,9.00034,-7.19016e-08,-0.00019645,0.46592,0.46592
internalMesh,83,0.000255602,0.000419463,0.000687292,0.371906,0.00251114,0,0.0784563,9,9.00034,-7.19016e-08,-0.00019645,0.46592,0.46592
internalMesh,84,0.000254547,0.000408716,0.000678384,0.375233,0.0025112,0,0.0918044,9,9.00047,-6.95509e-08,-0.000229227,0.465823,0.465823
internalMesh,85,0.000254547,0.000408716,0.000678384,0.375233,0.0025112,0,0.0918044,9,9.00047,-6.95509e-08,-0.000229227,0.465823,0.465823
internalMesh,86,0.00025342,0.000396828,0.000668386,0.379181,0.00251127,0,0.104343,9,9.0006,-6.73983e-08,-0.000259611,0.465707,0.465707
internalMesh,87,0.000253179,0.00039428,0.000666244,0.380027,0.00251129,0,0.107029,9,9.00064,-6.69372e-08,-0.000266121,0.465683,0.465683
internalMesh,88,0.000253179,0.00039428,0.000666244,0.380027,0.00251129,0,0.107029,9,9.00064,-6.69372e-08,-0.000266121,0.465683,0.465683
internalMesh,89,0.000251687,0.000378052,0.000652071,0.386012,0.00251138,0,0.12222,9,9.00083,-6.44122e-08,-0.000302319,0.465507,0.465507
internalMesh,90,0.000251687,0.000378052,0.000652071,0.386012,0.00251138,0,0.12222,9,9.00083,-6.44122e-08,-0.000302319,0.465507,0.465507
internalMesh,91,0.000250122,0.0003605,0.000635771,0.393465,0.00251148,0,0.13737,9,9.00105,-6.19875e-08,-0.000337669,0.46529,0.46529
internalMesh,92,0.000250122,0.0003605,0.000635771,0.393465,0.00251148,0,0.13737,9,9.00105,-6.19875e-08,-0.000337669,0.46529,0.46529
internalMesh,93,0.000248555,0.000342118,0.000617239,0.402765,0.00251159,0,0.152475,9,9.00129,-5.96499e-08,-0.000371998,0.465021,0.465022
internalMesh,94,0.000248555,0.000342118,0.000617239,0.402765,0.00251159,0,0.152475,9,9.00129,-5.96499e-08,-0.000371998,0.465021,0.465022
internalMesh,95,0.000247085,0.000323347,0.000596364,0.414436,0.00251171,0,0.167531,9,9.00156,-5.74501e-08,-0.000405101,0.464689,0.46469
internalMesh,96,0.000247085,0.000323347,0.000596364,0.414436,0.00251171,0,0.167531,9,9.00156,-5.74501e-08,-0.000405101,0.464689,0.46469
internalMesh,97,0.000246756,0.00031833,0.000590146,0.418373,0.00251174,0,0.171532,9,9.00163,-5.69001e-08,-0.000413536,0.46458,0.46458
internalMesh,98,0.000246756,0.00031833,0.000590146,0.418373,0.00251174,0,0.171532,9,9.00163,-5.69001e-08,-0.000413536,0.46458,0.46458
internalMesh,99,0.000246756,0.00031833,0.000590146,0.418373,0.00251174,0,0.171532,9,9.00163,-5.69001e-08,-0.000413536,0.46458,0.46458
internalMesh,100,0.000245851,0.000304535,0.000573044,0.429202,0.00251183,0,0.182533,9,9.00185,-5.53882e-08,-0.000436732,0.464279,0.464279
internalMesh,101,0.000245851,0.000304535,0.000573044,0.429202,0.00251183,0,0.182533,9,9.00185,-5.53882e-08,-0.000436732,0.464279,0.464279
internalMesh,102,0.000245298,0.00029174,0.00055529,0.442172,0.00251191,0,0.192805,9,9.00206,-5.40986e-08,-0.000457263,0.463929,0.463929
internalMesh,103,0.000245047,0.000285924,0.00054722,0.448068,0.00251195,0,0.197475,9,9.00217,-5.35126e-08,-0.000466595,0.46377,0.46377
internalMesh,104,0.000245047,0.000285924,0.00054722,0.448068,0.00251195,0,0.197475,9,9.00217,-5.35126e-08,-0.000466595,0.46377,0.46377
internalMesh,105,0.000245013,0.00028003,0.000538058,0.455955,0.00251199,0,0.202274,9,9.00227,-5.29118e-08,-0.000475538,0.463566,0.463566
internalMesh,106,0.000245013,0.00028003,0.000538058,0.455955,0.00251199,0,0.202274,9,9.00227,-5.29118e-08,-0.000475538,0.463566,0.463566
internalMesh,107,0.000245013,0.00028003,0.000538058,0.455955,0.00251199,0,0.202274,9,9.00227,-5.29118e-08,-0.000475538,0.463566,0.463566
internalMesh,108,0.000244941,0.000267655,0.000518819,0.472517,0.00251208,0,0.212352,9,9.00251,-5.16484e-08,-0.000494318,0.463137,0.463137
internalMesh,109,0.000244941,0.000267655,0.000518819,0.472517,0.00251208,0,0.212352,9,9.00251,-5.16484e-08,-0.000494318,0.463137,0.463137
internalMesh,110,0.00024556,0.000256292,0.000499125,0.492979,0.00251216,0,0.221776,9,9.00273,-5.03055e-08,-0.000510299,0.462632,0.462632
internalMesh,111,0.000245914,0.000249799,0.000487871,0.504673,0.00251221,0,0.227161,9,9.00287,-4.95372e-08,-0.000519431,0.462344,0.462344
internalMesh,112,0.000245914,0.000249799,0.000487871,0.504673,0.00251221,0,0.227161,9,9.00287,-4.95372e-08,-0.000519431,0.462344,0.462344
internalMesh,113,0.000246917,0.000243056,0.000474976,0.521311,0.00251226,0,0.232864,9,9.00301,-4.89711e-08,-0.000527905,0.461956,0.461956
internalMesh,114,0.000246917,0.000243056,0.000474976,0.521311,0.00251226,0,0.232864,9,9.00301,-4.89711e-08,-0.000527905,0.461956,0.461956
internalMesh,115,0.000246917,0.000243056,0.000474976,0.521311,0.00251226,0,0.232864,9,9.00301,-4.89711e-08,-0.000527905,0.461956,0.461956
internalMesh,116,0.000248505,0.000232381,0.000454559,0.547655,0.00251234,0,0.241895,9,9.00325,-4.80759e-08,-0.000541321,0.461343,0.461343
internalMesh,117,0.000248505,0.000232381,0.000454559,0.547655,0.00251234,0,0.241895,9,9.00325,-4.80759e-08,-0.000541321,0.461343,0.461343
internalMesh,118,0.00025142,0.000222457,0.000433865,0.581924,0.00251241,0,0.250463,9,9.00348,-4.69203e-08,-0.000551744,0.460598,0.460598
internalMesh,119,0.000253492,0.000215406,0.000419162,0.606273,0.00251247,0,0.256551,9,9.00366,-4.61e-08,-0.00055915,0.460068,0.460068
internalMesh,120,0.000253492,0.000215406,0.000419162,0.606273,0.00251247,0,0.256551,9,9.00366,-4.61e-08,-0.00055915,0.460068,0.460068
internalMesh,121,0.000261975,0.00019896,0.000382412,0.687416,0.00251259,0,0.271124,9,9.00408,-4.33876e-08,-0.000571758,0.458427,0.458427
internalMesh,122,0.000261975,0.00019896,0.000382412,0.687416,0.00251259,0,0.271124,9,9.00408,-4.33876e-08,-0.000571758,0.458427,0.458427
internalMesh,123,0.000268133,0.000191768,0.000366136,0.737605,0.00251263,0,0.277791,9,9.00429,-4.51367e-08,-0.000574511,0.457444,0.457444
internalMesh,124,0.000268133,0.000191768,0.000366136,0.737605,0.00251263,0,0.277791,9,9.00429,-4.51367e-08,-0.000574511,0.457444,0.457444
internalMesh,125,0.000268133,0.000191768,0.000366136,0.737605,0.00251263,0,0.277791,9,9.00429,-4.51367e-08,-0.000574511,0.457444,0.457444
internalMesh,126,0.000275352,0.000183336,0.000347054,0.796448,0.00251268,0,0.285608,9,9.00453,-4.71882e-08,-0.000577739,0.456291,0.456292
internalMesh,127,0.000275352,0.000183336,0.000347054,0.796448,0.00251268,0,0.285608,9,9.00453,-4.71882e-08,-0.000577739,0.456291,0.456292
internalMesh,128,0.000284673,0.000176458,0.000332541,0.861411,0.0025127,0,0.293022,9,9.00477,-4.7239e-08,-0.000576779,0.454975,0.454975
internalMesh,129,0.000293445,0.000169984,0.000318882,0.922552,0.00251271,0,0.3,9,9.005,-4.72875e-08,-0.000575877,0.453735,0.453736
internalMesh,130,0.000293445,0.000169984,0.000318882,0.922552,0.00251271,0,0.3,9,9.005,-4.72875e-08,-0.000575877,0.453735,0.453736
internalMesh,131,0.000293445,0.000169984,0.000318882,0.922552,0.00251271,0,0.3,9,9.005,-4.72875e-08,-0.000575877,0.453735,0.453736
internalMesh,132,0.000313806,0.000159769,0.000299885,1.04792,0.00251251,0,-0.31,9,9.00534,-7.31743e-08,0.000568535,0.451063,0.451063
internalMesh,133,0.000313842,0.000159773,0.000300059,1.04742,0.00251269,0,0.31,9,9.00534,-3.66617e-08,-0.000567987,0.451063,0.451063
internalMesh,134,0.000313842,0.000159773,0.000300059,1.04742,0.00251269,0,0.31,9,9.00534,-3.66617e-08,-0.000567987,0.451063,0.451063
internalMesh,135,0.000337231,0.000151349,0.000286664,1.1778,0.0025126,0,0.32,9,9.00569,-2.81998e-08,-0.000555646,0.448151,0.448152
internalMesh,136,0.000337231,0.000151349,0.000286664,1.1778,0.0025126,0,0.32,9,9.00569,-2.81998e-08,-0.000555646,0.448151,0.448152
internalMesh,137,0.000366059,0.00014371,0.000276015,1.3275,0.00251245,0,0.33,9,9.00605,-2.24372e-08,-0.000538165,0.444682,0.444682
internalMesh,138,0.000366059,0.00014371,0.000276015,1.3275,0.00251245,0,0.33,9,9.00605,-2.24372e-08,-0.000538165,0.444682,0.444682
internalMesh,139,0.000400763,0.000136749,0.000267634,1.49858,0.00251224,0,0.34,9,9.00642,-1.82372e-08,-0.000515763,0.440582,0.440582
internalMesh,140,0.000400763,0.000136749,0.000267634,1.49858,0.00251224,0,0.34,9,9.00642,-1.82372e-08,-0.000515763,0.440582,0.440582
internalMesh,141,0.000441624,0.000130163,0.000258607,1.69428,0.00251199,0,0.35,9,9.0068,-1.68238e-08,-0.000488372,0.435764,0.435765
internalMesh,142,0.000441624,0.000130163,0.000258607,1.69428,0.00251199,0,0.35,9,9.0068,-1.68238e-08,-0.000488372,0.435764,0.435765
internalMesh,143,0.00048896,0.000123707,0.000245,1.92076,0.00251175,0,0.36,9,9.0072,-1.65182e-08,-0.000455645,0.430082,0.430082
internalMesh,144,0.00048896,0.000123707,0.000245,1.92076,0.00251175,0,0.36,9,9.0072,-1.65182e-08,-0.000455645,0.430082,0.430082
internalMesh,145,0.000543008,0.000117539,0.000229753,2.18721,0.00251147,0,0.37,9,9.0076,-1.72131e-08,-0.000417145,0.423338,0.423338
internalMesh,146,0.000543008,0.000117539,0.000229753,2.18721,0.00251147,0,0.37,9,9.0076,-1.72131e-08,-0.000417145,0.423338,0.423338
internalMesh,147,0.000603113,0.00011197,0.000217383,2.506,0.0025111,0,0.38,9,9.00802,-1.89757e-08,-0.000373187,0.41537,0.41537
internalMesh,148,0.000603113,0.00011197,0.000217383,2.506,0.0025111,0,0.38,9,9.00802,-1.89757e-08,-0.000373187,0.41537,0.41537
internalMesh,149,0.0006672,0.000107048,0.000207356,2.89187,0.00251063,0,0.39,9,9.00845,-2.15823e-08,-0.000325387,0.406075,0.406075
internalMesh,150,0.0006672,0.000107048,0.000207356,2.89187,0.00251063,0,0.39,9,9.00845,-2.15823e-08,-0.000325387,0.406075,0.406075
internalMesh,151,0.000731834,0.000102605,0.00019782,3.35223,0.00251008,0,0.4,9,9.00888,-2.49838e-08,-0.000275688,0.39535,0.395351
internalMesh,152,0.000731834,0.000102605,0.00019782,3.35223,0.00251008,0,0.4,9,9.00888,-2.49838e-08,-0.000275688,0.39535,0.395351
internalMesh,153,0.000792921,9.84277e-05,0.000186923,3.8913,0.00250949,0,0.41,9,9.00933,-2.92212e-08,-0.00022602,0.383049,0.383049
internalMesh,154,0.000792921,9.84277e-05,0.000186923,3.8913,0.00250949,0,0.41,9,9.00933,-2.92212e-08,-0.00022602,0.383049,0.383049
internalMesh,155,0.000846365,9.43071e-05,0.000173332,4.534,0.00250885,0,0.42,9,9.00979,-3.42475e-08,-0.000178142,0.368932,0.368932
internalMesh,156,0.000846365,9.43071e-05,0.000173332,4.534,0.00250885,0,0.42,9,9.00979,-3.42475e-08,-0.000178142,0.368932,0.368932
internalMesh,157,0.000887356,9.00321e-05,0.000156034,5.33882,0.00250819,0,0.43,9,9.01027,-3.9825e-08,-0.000133677,0.352607,0.352607
internalMesh,158,0.000887356,9.00321e-05,0.000156034,5.33882,0.00250819,0,0.43,9,9.01027,-3.9825e-08,-0.000133677,0.352607,0.352607
internalMesh,159,0.000908933,8.53749e-05,0.000134193,6.4151,0.00250754,0,0.44,9,9.01075,-4.53463e-08,-9.41057e-05,0.333415,0.333415
internalMesh,160,0.000908933,8.53749e-05,0.000134193,6.4151,0.00250754,0,0.44,9,9.01075,-4.53463e-08,-9.41057e-05,0.333415,0.333415
internalMesh,161,0.000899679,8.00951e-05,0.000107809,7.97763,0.00250693,0,0.45,9,9.01124,-4.9499e-08,-6.0734e-05,0.310207,0.310207
internalMesh,162,0.000899679,8.00951e-05,0.000107809,7.97763,0.00250693,0,0.45,9,9.01124,-4.9499e-08,-6.0734e-05,0.310207,0.310207
internalMesh,163,0.00083794,7.39489e-05,7.7802e-05,10.4972,0.00250641,0,0.46,9,9.01175,-4.98011e-08,-3.46125e-05,0.2809,0.2809
internalMesh,164,0.00083794,7.39489e-05,7.7802e-05,10.4972,0.00250641,0,0.46,9,9.01175,-4.98011e-08,-3.46125e-05,0.2809,0.2809
internalMesh,165,0.000680996,6.68414e-05,4.64325e-05,15.2344,0.00250602,0,0.47,9,9.01226,-4.17915e-08,-1.63316e-05,0.241461,0.241461
internalMesh,166,0.000680996,6.68414e-05,4.64325e-05,15.2344,0.00250602,0,0.47,9,9.01226,-4.17915e-08,-1.63316e-05,0.241461,0.241461
internalMesh,167,0.00037408,5.98023e-05,1.78326e-05,27.4536,0.00250579,0,0.48,9,9.01279,-1.87488e-08,-5.39483e-06,0.184081,0.184081
internalMesh,168,0.00037408,5.98023e-05,1.78326e-05,27.4536,0.00250579,0,0.48,9,9.01279,-1.87488e-08,-5.39483e-06,0.184081,0.184081
internalMesh,169,0.00014096,5.47768e-05,2.73066e-06,102.228,0.00250571,0,0.49,9,9.01333,-5.784e-09,-6.79207e-07,0.101821,0.101821
internalMesh,170,0.00014096,5.47768e-05,2.73066e-06,102.228,0.00250571,0,0.49,9,9.01333,-5.784e-09,-6.79207e-07,0.101821,0.101821
internalMesh,171,0.000105414,5.2045e-05,0,167.939,0.0025057,0,0.5,9,9.01388,0,0,0,0
internalMesh,172,0.000313806,0.000159769,0.000299885,1.04792,0.00251251,0,-0.31,9,9.00534,-7.31743e-08,0.000568535,0.451063,0.451063
internalMesh,173,0.000313806,0.000159769,0.000299885,1.04792,0.00251251,0,-0.31,9,9.00534,-7.31743e-08,0.000568535,0.451063,0.451063
internalMesh,174,0.000337197,0.000151344,0.000286511,1.17832,0.00251242,0,-0.32,9,9.00569,-7.29124e-08,0.000556178,0.448151,0.448151
internalMesh,175,0.000337197,0.000151344,0.000286511,1.17832,0.00251242,0,-0.32,9,9.00569,-7.29124e-08,0.000556178,0.448151,0.448151
internalMesh,176,0.000366026,0.000143706,0.000275887,1.32801,0.00251228,0,-0.33,9,9.00605,-6.96618e-08,0.000538674,0.444681,0.444681
internalMesh,177,0.000366026,0.000143706,0.000275887,1.32801,0.00251228,0,-0.33,9,9.00605,-6.96618e-08,0.000538674,0.444681,0.444681
internalMesh,178,0.00040073,0.000136744,0.000267525,1.49907,0.00251206,0,-0.34,9,9.00642,-6.60366e-08,0.000516237,0.440581,0.440581
internalMesh,179,0.00040073,0.000136744,0.000267525,1.49907,0.00251206,0,-0.34,9,9.00642,-6.60366e-08,0.000516237,0.440581,0.440581
internalMesh,180,0.000441591,0.000130161,0.000258547,1.69474,0.00251181,0,-0.35,9,9.0068,-6.14982e-08,0.000488806,0.435763,0.435764
internalMesh,181,0.000441591,0.000130161,0.000258547,1.69474,0.00251181,0,-0.35,9,9.0068,-6.14982e-08,0.000488806,0.435763,0.435764
internalMesh,182,0.000488922,0.000123706,0.000244984,1.9212,0.00251157,0,-0.36,9,9.0072,-5.72254e-08,0.000456043,0.430081,0.430081
internalMesh,183,0.000488922,0.000123706,0.000244984,1.9212,0.00251157,0,-0.36,9,9.0072,-5.72254e-08,0.000456043,0.430081,0.430081
internalMesh,184,0.000542961,0.00011754,0.000229743,2.18764,0.00251128,0,-0.37,9,9.0076,-5.3682e-08,0.000417512,0.423337,0.423337
internalMesh,185,0.000542961,0.00011754,0.000229743,2.18764,0.00251128,0,-0.37,9,9.0076,-5.3682e-08,0.000417512,0.423337,0.423337
internalMesh,186,0.000603057,0.00011197,0.000217371,2.50643,0.0025109,0,-0.38,9,9.00802,-5.14883e-08,0.000373535,0.415369,0.415369
internalMesh,187,0.000603057,0.00011197,0.000217371,2.50643,0.0025109,0,-0.38,9,9.00802,-5.14883e-08,0.000373535,0.415369,0.415369
internalMesh,188,0.000667137,0.000107048,0.000207341,2.8923,0.00251043,0,-0.39,9,9.00845,-5.1371e-08,0.000325718,0.406074,0.406074
internalMesh,189,0.000667137,0.000107048,0.000207341,2.8923,0.00251043,0,-0.39,9,9.00845,-5.1371e-08,0.000325718,0.406074,0.406074
internalMesh,190,0.000731766,0.000102605,0.000197803,3.35264,0.00250989,0,-0.4,9,9.00888,-5.37102e-08,0.000276001,0.39535,0.39535
internalMesh,191,0.000731766,0.000102605,0.000197803,3.35264,0.00250989,0,-0.4,9,9.00888,-5.37102e-08,0.000276001,0.39535,0.39535
internalMesh,192,0.000792851,9.84273e-05,0.000186907,3.89167,0.00250928,0,-0.41,9,9.00933,-5.86351e-08,0.000226314,0.383049,0.383049
internalMesh,193,0.000828481,9.56803e-05,0.000177848,4.3201,0.00250886,0,-0.416667,9,9.00964,-6.35492e-08,0.000194383,0.373637,0.373637
internalMesh,194,0.000828481,9.56803e-05,0.000177848,4.3201,0.00250886,0,-0.416667,9,9.00964,-6.35492e-08,0.000194383,0.373637,0.373637
internalMesh,195,0.000828481,9.56803e-05,0.000177848,4.3201,0.00250886,0,-0.416667,9,9.00964,-6.35492e-08,0.000194383,0.373637,0.373637
internalMesh,196,0.000846297,9.43068e-05,0.000173318,4.53432,0.00250864,0,-0.42,9,9.00979,-6.60062e-08,0.000178417,0.368931,0.368931
internalMesh,197,0.000846297,9.43068e-05,0.000173318,4.53432,0.00250864,0,-0.42,9,9.00979,-6.60062e-08,0.000178417,0.368931,0.368931
internalMesh,198,0.000887292,9.00317e-05,0.000156022,5.33908,0.00250799,0,-0.43,9,9.01027,-7.50562e-08,0.000133932,0.352607,0.352607
internalMesh,199,0.000887292,9.00317e-05,0.000156022,5.33908,0.00250799,0,-0.43,9,9.01027,-7.50562e-08,0.000133932,0.352607,0.352607
internalMesh,200,0.000908874,8.53746e-05,0.000134183,6.4153,0.00250733,0,-0.44,9,9.01075,-8.37812e-08,9.43382e-05,0.333414,0.333414
internalMesh,201,0.000908874,8.53746e-05,0.000134183,6.4153,0.00250733,0,-0.44,9,9.01075,-8.37812e-08,9.43382e-05,0.333414,0.333414
internalMesh,202,0.000899627,8.00948e-05,0.000107802,7.97777,0.00250672,0,-0.45,9,9.01124,-8.80019e-08,6.09417e-05,0.310206,0.310206
internalMesh,203,0.000899627,8.00948e-05,0.000107802,7.97777,0.00250672,0,-0.45,9,9.01124,-8.80019e-08,6.09417e-05,0.310206,0.310206
internalMesh,204,0.000837894,7.39487e-05,7.77969e-05,10.4973,0.0025062,0,-0.46,9,9.01175,-7.99133e-08,3.47921e-05,0.280898,0.280898
internalMesh,205,0.000837894,7.39487e-05,7.77969e-05,10.4973,0.0025062,0,-0.46,9,9.01175,-7.99133e-08,3.47921e-05,0.280898,0.280898
internalMesh,206,0.000680958,6.68412e-05,4.64296e-05,15.2344,0.00250581,0,-0.47,9,9.01226,-4.55042e-08,1.64743e-05,0.241459,0.241459
internalMesh,207,0.000680958,6.68412e-05,4.64296e-05,15.2344,0.00250581,0,-0.47,9,9.01226,-4.55042e-08,1.64743e-05,0.241459,0.241459
internalMesh,208,0.000374057,5.98023e-05,1.78315e-05,27.4533,0.00250559,0,-0.48,9,9.01279,3.52116e-08,5.48147e-06,0.184078,0.184078
internalMesh,209,0.000374057,5.98023e-05,1.78315e-05,27.4533,0.00250559,0,-0.48,9,9.01279,3.52116e-08,5.48147e-06,0.184078,0.184078
internalMesh,210,0.000140951,5.4777e-05,2.73049e-06,102.228,0.0025055,0,-0.49,9,9.01333,6.89588e-08,7.16599e-07,0.101819,0.101819
internalMesh,211,0.000140951,5.4777e-05,2.73049e-06,102.228,0.0025055,0,-0.49,9,9.01333,6.89588e-08,7.16599e-07,0.101819,0.101819
internalMesh,212,0.000105408,5.20453e-05,0,167.94,0.00250548,0,-0.5,9,9.01388,0,0,0,0
