Block Name,Point ID,k,nut,omega,p,Points_0,Points_1,Points_2,Points_Magnitude,U_0,U_1,U_2,U_Magnitude
internalMesh,0,0.270095,0.00870038,31.0838,2.02661,0,-0.3,9,9.005,6.00662e-06,0.0168211,12.285,12.285
internalMesh,1,0.270095,0.00870038,31.0838,2.02661,0,-0.3,9,9.005,6.00662e-06,0.0168211,12.285,12.285
internalMesh,2,0.25947,0.00893178,29.152,2.02663,0,-0.294284,9,9.00481,6.01246e-06,0.0169946,12.3237,12.3237
internalMesh,3,0.248706,0.0091662,27.1951,2.02666,0,-0.288494,9,9.00462,6.01837e-06,0.0171703,12.363,12.363
internalMesh,4,0.248706,0.0091662,27.1951,2.02666,0,-0.288494,9,9.00462,6.01837e-06,0.0171703,12.363,12.363
internalMesh,5,0.231269,0.00983179,23.5867,2.02667,0,-0.276928,9,9.00426,5.85e-06,0.0173345,12.4303,12.4303
internalMesh,6,0.231269,0.00983179,23.5867,2.02667,0,-0.276928,9,9.00426,5.85e-06,0.0173345,12.4303,12.4303
internalMesh,7,0.218678,0.0106821,20.5342,2.02663,0,-0.265305,9,9.00391,5.5945e-06,0.0172982,12.4827,12.4827
internalMesh,8,0.218678,0.0106821,20.5342,2.02663,0,-0.265305,9,9.00391,5.5945e-06,0.0172982,12.4827,12.4827
internalMesh,9,0.209789,0.011748,17.9196,2.02655,0,-0.253627,9,9.00357,5.30175e-06,0.0170851,12.5232,12.5232
internalMesh,10,0.209789,0.011748,17.9196,2.02655,0,-0.253627,9,9.00357,5.30175e-06,0.0170851,12.5232,12.5232
internalMesh,11,0.203727,0.0129799,15.7436,2.02643,0,-0.241895,9,9.00325,5.0035e-06,0.0167246,12.5542,12.5542
internalMesh,12,0.203727,0.0129799,15.7436,2.02643,0,-0.241895,9,9.00325,5.0035e-06,0.0167246,12.5542,12.5542
internalMesh,13,0.199864,0.0142044,14.0993,2.02631,0,-0.230114,9,9.00294,4.71137e-06,0.0162479,12.5781,12.5781
internalMesh,14,0.199864,0.0142044,14.0993,2.02631,0,-0.230114,9,9.00294,4.71137e-06,0.0162479,12.5781,12.5781
internalMesh,15,0.197581,0.015308,12.924,2.02622,0,-0.218284,9,9.00265,4.42225e-06,0.0156816,12.5968,12.5968
internalMesh,16,0.197581,0.015308,12.924,2.02622,0,-0.218284,9,9.00265,4.42225e-06,0.0156816,12.5968,12.5968
internalMesh,17,0.196377,0.0162813,12.0718,2.02614,0,-0.206409,9,9.00237,4.13225e-06,0.0150462,12.6115,12.6115
internalMesh,18,0.196377,0.0162813,12.0718,2.02614,0,-0.206409,9,9.00237,4.13225e-06,0.0150462,12.6115,12.6115
internalMesh,19,0.196005,0.0169655,11.5653,2.02609,0,-0.196843,9,9.00215,3.89798e-06,0.0144921,12.6208,12.6208
internalMesh,20,0.196005,0.0169655,11.5653,2.02609,0,-0.196843,9,9.00215,3.89798e-06,0.0144921,12.6208,12.6208
internalMesh,21,0.196005,0.0169655,11.5653,2.02609,0,-0.196843,9,9.00215,3.89798e-06,0.0144921,12.6208,12.6208
internalMesh,22,0.195913,0.0171338,11.4408,2.02608,0,-0.194491,9,9.0021,3.84037e-06,0.0143558,12.6231,12.6232
internalMesh,23,0.195913,0.0171338,11.4408,2.02608,0,-0.194491,9,9.0021,3.84037e-06,0.0143558,12.6231,12.6232
internalMesh,24,0.195921,0.01725,11.3664,2.02607,0,-0.192623,9,9.00206,3.79459e-06,0.0142408,12.6246,12.6246
internalMesh,25,0.19596,0.017878,10.965,2.02604,0,-0.182533,9,9.00185,3.54737e-06,0.01362,12.6325,12.6325
internalMesh,26,0.19596,0.017878,10.965,2.02604,0,-0.182533,9,9.00185,3.54737e-06,0.01362,12.6325,12.6325
internalMesh,27,0.196353,0.018528,10.6004,2.026,0,-0.170536,9,9.00162,3.25475e-06,0.0128458,12.64,12.64
internalMesh,28,0.196353,0.018528,10.6004,2.026,0,-0.170536,9,9.00162,3.25475e-06,0.0128458,12.64,12.64
internalMesh,29,0.196977,0.0190967,10.3166,2.02598,0,-0.158504,9,9.0014,2.96738e-06,0.012039,12.646,12.646
internalMesh,30,0.196977,0.0190967,10.3166,2.02598,0,-0.158504,9,9.0014,2.96738e-06,0.012039,12.646,12.646
internalMesh,31,0.197741,0.0195948,10.0929,2.02597,0,-0.146439,9,9.00119,2.69e-06,0.0112039,12.6508,12.6508
internalMesh,32,0.197741,0.0195948,10.0929,2.02597,0,-0.146439,9,9.00119,2.69e-06,0.0112039,12.6508,12.6508
internalMesh,33,0.19858,0.0200309,9.91469,2.02596,0,-0.134343,9,9.001,2.4255e-06,0.0103443,12.6546,12.6546
internalMesh,34,0.19858,0.0200309,9.91469,2.02596,0,-0.134343,9,9.001,2.4255e-06,0.0103443,12.6546,12.6546
internalMesh,35,0.199296,0.0203463,9.7964,2.02596,0,-0.124298,9,9.00086,2.22001e-06,0.00961434,12.6571,12.6571
internalMesh,36,0.199296,0.0203463,9.7964,2.02596,0,-0.124298,9,9.00086,2.22001e-06,0.00961434,12.6571,12.6571
internalMesh,37,0.199296,0.0203463,9.7964,2.02596,0,-0.124298,9,9.00086,2.22001e-06,0.00961434,12.6571,12.6571
internalMesh,38,0.199444,0.0204115,9.77193,2.02596,0,-0.12222,9,9.00083,2.17749e-06,0.00946331,12.6576,12.6576
internalMesh,39,0.199444,0.0204115,9.77193,2.02596,0,-0.12222,9,9.00083,2.17749e-06,0.00946331,12.6576,12.6576
internalMesh,40,0.199745,0.0205278,9.73155,2.02596,0,-0.117932,9,9.00077,2.09685e-06,0.00914579,12.6584,12.6584
internalMesh,41,0.200295,0.020741,9.65751,2.02596,0,-0.11007,9,9.00067,1.949e-06,0.00856367,12.6599,12.6599
internalMesh,42,0.200295,0.020741,9.65751,2.02596,0,-0.11007,9,9.00067,1.949e-06,0.00856367,12.6599,12.6599
internalMesh,43,0.200818,0.0209241,9.59823,2.02597,0,-0.102194,9,9.00058,1.8149e-06,0.00797107,12.6611,12.6611
internalMesh,44,0.200818,0.0209241,9.59823,2.02597,0,-0.102194,9,9.00058,1.8149e-06,0.00797107,12.6611,12.6611
internalMesh,45,0.200818,0.0209241,9.59823,2.02597,0,-0.102194,9,9.00058,1.8149e-06,0.00797107,12.6611,12.6611
internalMesh,46,0.201103,0.0210239,9.5659,2.02597,0,-0.0978983,9,9.00053,1.74175e-06,0.00764783,12.6617,12.6617
internalMesh,47,0.201848,0.0212646,9.49259,2.02597,0,-0.0857057,9,9.00041,1.55612e-06,0.006718,12.663,12.6631
internalMesh,48,0.201848,0.0212646,9.49259,2.02597,0,-0.0857057,9,9.00041,1.55612e-06,0.006718,12.663,12.6631
internalMesh,49,0.201848,0.0212646,9.49259,2.02597,0,-0.0857057,9,9.00041,1.55612e-06,0.006718,12.663,12.6631
internalMesh,50,0.201931,0.0212898,9.4853,2.02598,0,-0.0841794,9,9.00039,1.53565e-06,0.00660027,12.6632,12.6632
internalMesh,51,0.202512,0.0214663,9.43426,2.02599,0,-0.0734953,9,9.0003,1.39237e-06,0.00577621,12.6641,12.6641
internalMesh,52,0.202512,0.0214663,9.43426,2.02599,0,-0.0734953,9,9.0003,1.39237e-06,0.00577621,12.6641,12.6641
internalMesh,53,0.203013,0.0216112,9.39419,2.02599,0,-0.0627978,9,9.00022,1.26878e-06,0.00494333,12.6648,12.6648
internalMesh,54,0.203013,0.0216112,9.39419,2.02599,0,-0.0627978,9,9.00022,1.26878e-06,0.00494333,12.6648,12.6648
internalMesh,55,0.203013,0.0216112,9.39419,2.02599,0,-0.0627978,9,9.00022,1.26878e-06,0.00494333,12.6648,12.6648
internalMesh,56,0.203084,0.0216319,9.38847,2.026,0,-0.0612695,9,9.00021,1.25112e-06,0.00482435,12.6649,12.6649
internalMesh,57,0.203084,0.0216319,9.38847,2.026,0,-0.0612695,9,9.00021,1.25112e-06,0.00482435,12.6649,12.6649
internalMesh,58,0.203141,0.0216477,9.38426,2.026,0,-0.0598009,9,9.0002,1.23688e-06,0.00470914,12.6649,12.6649
internalMesh,59,0.203556,0.0217633,9.35342,2.02601,0,-0.049031,9,9.00013,1.13237e-06,0.00386423,12.6654,12.6654
internalMesh,60,0.203556,0.0217633,9.35342,2.02601,0,-0.049031,9,9.00013,1.13237e-06,0.00386423,12.6654,12.6654
internalMesh,61,0.203921,0.0218623,9.32774,2.02601,0,-0.0367822,9,9.00008,1.03587e-06,0.00289757,12.6658,12.6658
internalMesh,62,0.203921,0.0218623,9.32774,2.02601,0,-0.0367822,9,9.00008,1.03587e-06,0.00289757,12.6658,12.6658
internalMesh,63,0.204064,0.0219006,9.31796,2.02602,0,-0.0298965,9,9.00005,9.94441e-07,0.00235176,12.6659,12.6659
internalMesh,64,0.204064,0.0219006,9.31796,2.02602,0,-0.0298965,9,9.00005,9.94441e-07,0.00235176,12.6659,12.6659
internalMesh,65,0.204064,0.0219006,9.31796,2.02602,0,-0.0298965,9,9.00005,9.94441e-07,0.00235176,12.6659,12.6659
internalMesh,66,0.204176,0.0219305,9.31033,2.02602,0,-0.0245257,9,9.00003,9.62114e-07,0.00192604,12.666,12.666
internalMesh,67,0.204176,0.0219305,9.31033,2.02602,0,-0.0245257,9,9.00003,9.62114e-07,0.00192604,12.666,12.666
internalMesh,68,0.204242,0.0219488,9.30563,2.02602,0,-0.0188328,9,9.00002,9.38332e-07,0.00147347,12.666,12.666
internalMesh,69,0.204319,0.0219698,9.3002,2.02603,0,-0.0122641,9,9.00001,9.10877e-07,0.000951284,12.6661,12.6661
internalMesh,70,0.204319,0.0219698,9.3002,2.02603,0,-0.0122641,9,9.00001,9.10877e-07,0.000951284,12.6661,12.6661
internalMesh,71,0.204351,0.021982,9.29651,2.02603,0,0,9,9,8.81377e-07,-2.50823e-05,12.6662,12.6662
internalMesh,72,0.204351,0.021982,9.29651,2.02603,0,0,9,9,8.81377e-07,-2.50823e-05,12.6662,12.6662
internalMesh,73,0.204351,0.021982,9.29651,2.02603,0,0,9,9,8.81377e-07,-2.50823e-05,12.6662,12.6662
internalMesh,74,0.204351,0.021982,9.29651,2.02603,0,0,9,9,8.8138e-07,-2.50822e-05,12.6662,12.6662
internalMesh,75,0.204271,0.0219678,9.29889,2.02603,0,0.0122641,9,9.00001,8.73231e-07,-0.00100145,12.6661,12.6661
internalMesh,76,0.204271,0.0219678,9.29889,2.02603,0,0.0122641,9,9.00001,8.73231e-07,-0.00100145,12.6661,12.6661
internalMesh,77,0.204271,0.0219678,9.29889,2.02603,0,0.0122641,9,9.00001,8.73231e-07,-0.00100145,12.6661,12.6661
internalMesh,78,0.204179,0.0219478,9.30316,2.02603,0,0.0181972,9,9.00002,8.79965e-07,-0.00147312,12.666,12.666
internalMesh,79,0.20408,0.0219265,9.3077,2.02603,0,0.0245257,9,9.00003,8.87125e-07,-0.00197623,12.666,12.666
internalMesh,80,0.20408,0.0219265,9.3077,2.02603,0,0.0245257,9,9.00003,8.87125e-07,-0.00197623,12.666,12.666
internalMesh,81,0.203924,0.0218902,9.31602,2.02603,0,0.0308516,9,9.00005,9.05381e-07,-0.00247768,12.6659,12.6659
internalMesh,82,0.203924,0.0218902,9.31602,2.02603,0,0.0308516,9,9.00005,9.05381e-07,-0.00247768,12.6659,12.6659
internalMesh,83,0.203924,0.0218902,9.31602,2.02603,0,0.0308516,9,9.00005,9.05381e-07,-0.00247768,12.6659,12.6659
internalMesh,84,0.203778,0.0218561,9.32382,2.02603,0,0.0367822,9,9.00008,9.22475e-07,-0.00294779,12.6658,12.6658
internalMesh,85,0.203366,0.021755,9.34828,2.02602,0,0.049031,9,9.00013,9.79344e-07,-0.00391449,12.6654,12.6654
internalMesh,86,0.203366,0.021755,9.34828,2.02602,0,0.049031,9,9.00013,9.79344e-07,-0.00391449,12.6654,12.6654
internalMesh,87,0.203366,0.021755,9.34828,2.02602,0,0.049031,9,9.00013,9.79344e-07,-0.00391449,12.6654,12.6654
internalMesh,88,0.202913,0.0216379,9.37797,2.02602,0,0.0597397,9,9.0002,1.0485e-06,-0.00475466,12.6649,12.6649
internalMesh,89,0.202849,0.0216212,9.38222,2.02602,0,0.0612695,9,9.00021,1.05838e-06,-0.00487468,12.6649,12.6649
internalMesh,90,0.202849,0.0216212,9.38222,2.02602,0,0.0612695,9,9.00021,1.05838e-06,-0.00487468,12.6649,12.6649
internalMesh,91,0.202772,0.0216002,9.38782,2.02602,0,0.0627978,9,9.00022,1.07102e-06,-0.00499368,12.6648,12.6648
internalMesh,92,0.202772,0.0216002,9.38782,2.02602,0,0.0627978,9,9.00022,1.07102e-06,-0.00499368,12.6648,12.6648
internalMesh,93,0.202772,0.0216002,9.38782,2.02602,0,0.0627978,9,9.00022,1.07102e-06,-0.00499368,12.6648,12.6648
internalMesh,94,0.202232,0.0214531,9.427,2.02601,0,0.0734953,9,9.0003,1.1595e-06,-0.00582663,12.6641,12.6641
internalMesh,95,0.202232,0.0214531,9.427,2.02601,0,0.0734953,9,9.0003,1.1595e-06,-0.00582663,12.6641,12.6641
internalMesh,96,0.201612,0.0212742,9.47725,2.02601,0,0.0841794,9,9.00039,1.26724e-06,-0.0066508,12.6632,12.6632
internalMesh,97,0.201524,0.0212487,9.48442,2.02601,0,0.0857057,9,9.00041,1.28263e-06,-0.00676853,12.6631,12.6631
internalMesh,98,0.201524,0.0212487,9.48442,2.02601,0,0.0857057,9,9.00041,1.28263e-06,-0.00676853,12.6631,12.6631
internalMesh,99,0.200737,0.0210056,9.55684,2.02601,0,0.0978983,9,9.00053,1.42762e-06,-0.00769849,12.6617,12.6617
internalMesh,100,0.200737,0.0210056,9.55684,2.02601,0,0.0978983,9,9.00053,1.42762e-06,-0.00769849,12.6617,12.6617
internalMesh,101,0.200578,0.0209521,9.57383,2.02601,0,0.100181,9,9.00056,1.45896e-06,-0.00787024,12.6614,12.6614
internalMesh,102,0.200578,0.0209521,9.57383,2.02601,0,0.100181,9,9.00056,1.45896e-06,-0.00787024,12.6614,12.6614
internalMesh,103,0.200578,0.0209521,9.57383,2.02601,0,0.100181,9,9.00056,1.45896e-06,-0.00787024,12.6614,12.6614
internalMesh,104,0.199889,0.0207205,9.64746,2.02601,0,0.11007,9,9.00067,1.59472e-06,-0.00861447,12.6599,12.6599
internalMesh,105,0.199889,0.0207205,9.64746,2.02601,0,0.11007,9,9.00067,1.59472e-06,-0.00861447,12.6599,12.6599
internalMesh,106,0.199167,0.0204517,9.7394,2.02601,0,0.119942,9,9.0008,1.74912e-06,-0.00934554,12.658,12.658
internalMesh,107,0.199001,0.0203897,9.76061,2.02601,0,0.12222,9,9.00083,1.78475e-06,-0.00951425,12.6576,12.6576
internalMesh,108,0.199001,0.0203897,9.76061,2.02601,0,0.12222,9,9.00083,1.78475e-06,-0.00951425,12.6576,12.6576
internalMesh,109,0.198917,0.020354,9.77384,2.02601,0,0.123356,9,9.00084,1.80455e-06,-0.00959685,12.6573,12.6573
internalMesh,110,0.198917,0.020354,9.77384,2.02601,0,0.123356,9,9.00084,1.80455e-06,-0.00959685,12.6573,12.6573
internalMesh,111,0.198917,0.020354,9.77384,2.02601,0,0.123356,9,9.00084,1.80455e-06,-0.00959685,12.6573,12.6573
internalMesh,112,0.198102,0.0200088,9.90173,2.02601,0,0.134343,9,9.001,1.996e-06,-0.0103954,12.6546,12.6546
internalMesh,113,0.197231,0.0195729,10.0781,2.02602,0,0.146439,9,9.00119,2.22377e-06,-0.0112551,12.6509,12.6509
internalMesh,114,0.197231,0.0195729,10.0781,2.02602,0,0.146439,9,9.00119,2.22377e-06,-0.0112551,12.6509,12.6509
internalMesh,115,0.196438,0.0190753,10.2999,2.02604,0,0.158504,9,9.0014,2.46236e-06,-0.0120904,12.6461,12.6461
internalMesh,116,0.196438,0.0190753,10.2999,2.02604,0,0.158504,9,9.0014,2.46236e-06,-0.0120904,12.6461,12.6461
internalMesh,117,0.195788,0.0185068,10.582,2.02606,0,0.170536,9,9.00162,2.70439e-06,-0.0128974,12.6401,12.6401
internalMesh,118,0.195788,0.0185068,10.582,2.02606,0,0.170536,9,9.00162,2.70439e-06,-0.0128974,12.6401,12.6401
internalMesh,119,0.195371,0.0178566,10.9452,2.0261,0,0.182533,9,9.00185,2.94176e-06,-0.0136717,12.6326,12.6326
internalMesh,120,0.195371,0.0178566,10.9452,2.0261,0,0.182533,9,9.00185,2.94176e-06,-0.0136717,12.6326,12.6326
internalMesh,121,0.195371,0.0178566,10.9452,2.0261,0,0.182533,9,9.00185,2.94176e-06,-0.0136717,12.6326,12.6326
internalMesh,122,0.195326,0.0173445,11.2716,2.02614,0,0.190754,9,9.00202,3.09584e-06,-0.0141778,12.6262,12.6262
internalMesh,123,0.195305,0.0171117,11.42,2.02615,0,0.194491,9,9.0021,3.16587e-06,-0.0144078,12.6233,12.6233
internalMesh,124,0.195305,0.0171117,11.42,2.02615,0,0.194491,9,9.0021,3.16587e-06,-0.0144078,12.6233,12.6233
internalMesh,125,0.195449,0.0168363,11.6234,2.02617,0,0.198336,9,9.00218,3.23079e-06,-0.0146306,12.6195,12.6195
internalMesh,126,0.195449,0.0168363,11.6234,2.02617,0,0.198336,9,9.00218,3.23079e-06,-0.0146306,12.6195,12.6195
internalMesh,127,0.195449,0.0168363,11.6234,2.02617,0,0.198336,9,9.00218,3.23079e-06,-0.0146306,12.6195,12.6195
internalMesh,128,0.195751,0.016258,12.0506,2.02622,0,0.206409,9,9.00237,3.36714e-06,-0.0150985,12.6116,12.6116
internalMesh,129,0.196939,0.0152833,12.9029,2.0263,0,0.218284,9,9.00265,3.536e-06,-0.0157342,12.5968,12.5969
internalMesh,130,0.196939,0.0152833,12.9029,2.0263,0,0.218284,9,9.00265,3.536e-06,-0.0157342,12.5968,12.5969
internalMesh,131,0.199208,0.0141782,14.0791,2.0264,0,0.230114,9,9.00294,3.66551e-06,-0.0163009,12.5782,12.5782
internalMesh,132,0.199208,0.0141782,14.0791,2.0264,0,0.230114,9,9.00294,3.66551e-06,-0.0163009,12.5782,12.5782
internalMesh,133,0.203059,0.0129529,15.7249,2.02652,0,0.241895,9,9.00325,3.75876e-06,-0.016778,12.5543,12.5543
internalMesh,134,0.203059,0.0129529,15.7249,2.02652,0,0.241895,9,9.00325,3.75876e-06,-0.016778,12.5543,12.5543
internalMesh,135,0.209114,0.011722,17.9017,2.02664,0,0.253627,9,9.00357,3.84112e-06,-0.0171386,12.5233,12.5233
internalMesh,136,0.209114,0.011722,17.9017,2.02664,0,0.253627,9,9.00357,3.84112e-06,-0.0171386,12.5233,12.5233
internalMesh,137,0.217995,0.0106581,20.5161,2.02673,0,0.265305,9,9.00391,3.88949e-06,-0.0173519,12.4829,12.4829
internalMesh,138,0.217995,0.0106581,20.5161,2.02673,0,0.265305,9,9.00391,3.88949e-06,-0.0173519,12.4829,12.4829
internalMesh,139,0.230578,0.00980981,23.5689,2.02676,0,0.276928,9,9.00426,3.82727e-06,-0.0173884,12.4305,12.4305
internalMesh,140,0.230578,0.00980981,23.5689,2.02676,0,0.276928,9,9.00426,3.82727e-06,-0.0173884,12.4305,12.4305
internalMesh,141,0.248007,0.00914547,27.1802,2.02676,0,0.288494,9,9.00462,3.62587e-06,-0.0172245,12.3632,12.3632
internalMesh,142,0.248007,0.00914547,27.1802,2.02676,0,0.288494,9,9.00462,3.62587e-06,-0.0172245,12.3632,12.3632
internalMesh,143,0.248007,0.00914547,27.1802,2.02676,0,0.288494,9,9.00462,3.62587e-06,-0.0172245,12.3632,12.3632
internalMesh,144,0.2589,0.00890841,29.1644,2.02673,0,0.294357,9,9.00481,3.46988e-06,-0.0170469,12.3234,12.3234
internalMesh,145,0.269385,0.00868027,31.0739,2.02671,0,0.3,9,9.005,3.31975e-06,-0.0168759,12.2851,12.2851
internalMesh,146,0.269385,0.00868027,31.0739,2.02671,0,0.3,9,9.005,3.31975e-06,-0.0168759,12.2851,12.2851
internalMesh,147,0.269385,0.00868027,31.0739,2.02671,0,0.3,9,9.005,3.31975e-06,-0.0168759,12.2851,12.2851
internalMesh,148,0.29243,0.0084205,34.7496,2.02654,0,-0.308,9,9.00527,5.92991e-06,0.016375,12.2062,12.2062
internalMesh,149,0.291708,0.00840073,34.7455,2.02664,0,0.308,9,9.00527,3.01516e-06,-0.0164306,12.2064,12.2064
internalMesh,150,0.291708,0.00840073,34.7455,2.02664,0,0.308,9,9.00527,3.01516e-06,-0.0164306,12.2064,12.2064
internalMesh,151,0.315545,0.00822959,38.3584,2.02654,0,0.316,9,9.00555,2.75526e-06,-0.0159127,12.1238,12.1238
internalMesh,152,0.315545,0.00822959,38.3584,2.02654,0,0.316,9,9.00555,2.75526e-06,-0.0159127,12.1238,12.1238
internalMesh,153,0.342975,0.00811918,42.2529,2.02641,0,0.324,9,9.00583,2.50112e-06,-0.0152886,12.0293,12.0293
internalMesh,154,0.342975,0.00811918,42.2529,2.02641,0,0.324,9,9.00583,2.50112e-06,-0.0152886,12.0293,12.0293
internalMesh,155,0.373892,0.00804501,46.4331,2.02625,0,0.332,9,9.00612,2.24699e-06,-0.0145684,11.9222,11.9222
internalMesh,156,0.373892,0.00804501,46.4331,2.02625,0,0.332,9,9.00612,2.24699e-06,-0.0145684,11.9222,11.9222
internalMesh,157,0.408258,0.00784694,50.9504,2.02607,0,0.34,9,9.00642,1.99137e-06,-0.0137548,11.801,11.801
internalMesh,158,0.408258,0.00784694,50.9504,2.02607,0,0.34,9,9.00642,1.99137e-06,-0.0137548,11.801,11.801
internalMesh,159,0.446235,0.0075246,55.9025,2.02587,0,0.348,9,9.00673,1.73275e-06,-0.0128407,11.6628,11.6628
internalMesh,160,0.446235,0.0075246,55.9025,2.02587,0,0.348,9,9.00673,1.73275e-06,-0.0128407,11.6628,11.6628
internalMesh,161,0.487647,0.0072509,61.3833,2.02564,0,0.356,9,9.00704,1.47574e-06,-0.0118272,11.5053,11.5053
internalMesh,162,0.487647,0.0072509,61.3833,2.02564,0,0.356,9,9.00704,1.47574e-06,-0.0118272,11.5053,11.5053
internalMesh,163,0.531732,0.00705001,67.5113,2.02536,0,0.364,9,9.00736,1.23138e-06,-0.0107353,11.3277,11.3277
internalMesh,164,0.531732,0.00705001,67.5113,2.02536,0,0.364,9,9.00736,1.23138e-06,-0.0107353,11.3277,11.3277
internalMesh,165,0.577208,0.00689637,74.3686,2.02503,0,0.372,9,9.00768,1.00926e-06,-0.00959801,11.1297,11.1297
internalMesh,166,0.577208,0.00689637,74.3686,2.02503,0,0.372,9,9.00768,1.00926e-06,-0.00959801,11.1297,11.1297
internalMesh,167,0.622365,0.00675066,81.9293,2.02467,0,0.38,9,9.00802,8.15373e-07,-0.008448,10.9111,10.9111
internalMesh,168,0.622365,0.00675066,81.9293,2.02467,0,0.38,9,9.00802,8.15373e-07,-0.008448,10.9111,10.9111
internalMesh,169,0.665631,0.00658059,90.2715,2.02427,0,0.388,9,9.00836,6.52755e-07,-0.00731246,10.6709,10.6709
internalMesh,170,0.665631,0.00658059,90.2715,2.02427,0,0.388,9,9.00836,6.52755e-07,-0.00731246,10.6709,10.6709
internalMesh,171,0.70562,0.00636412,99.6552,2.02385,0,0.396,9,9.00871,5.22981e-07,-0.00621377,10.4077,10.4077
internalMesh,172,0.70562,0.00636412,99.6552,2.02385,0,0.396,9,9.00871,5.22981e-07,-0.00621377,10.4077,10.4077
internalMesh,173,0.740832,0.00608429,110.426,2.02342,0,0.404,9,9.00906,4.25993e-07,-0.00517099,10.1191,10.1191
internalMesh,174,0.740832,0.00608429,110.426,2.02342,0,0.404,9,9.00906,4.25993e-07,-0.00517099,10.1191,10.1191
internalMesh,175,0.769548,0.00572808,123.026,2.02299,0,0.412,9,9.00943,3.60174e-07,-0.00420043,9.80159,9.8016
internalMesh,176,0.769548,0.00572808,123.026,2.02299,0,0.412,9,9.00943,3.60174e-07,-0.00420043,9.80159,9.8016
internalMesh,177,0.789675,0.00528665,138.056,2.02257,0,0.42,9,9.00979,3.2191e-07,-0.00331545,9.44998,9.44998
internalMesh,178,0.789675,0.00528665,138.056,2.02257,0,0.42,9,9.00979,3.2191e-07,-0.00331545,9.44998,9.44998
internalMesh,179,0.798513,0.00475613,156.436,2.02216,0,0.428,9,9.01017,3.04201e-07,-0.00252631,9.05685,9.05685
internalMesh,180,0.798513,0.00475613,156.436,2.02216,0,0.428,9,9.01017,3.04201e-07,-0.00252631,9.05685,9.05685
internalMesh,181,0.792222,0.00413642,179.714,2.02179,0,0.436,9,9.01055,2.94411e-07,-0.00184027,8.61139,8.61139
internalMesh,182,0.792222,0.00413642,179.714,2.02179,0,0.436,9,9.01055,2.94411e-07,-0.00184027,8.61139,8.61139
internalMesh,183,0.764756,0.00342429,210.528,2.02145,0,0.444,9,9.01095,2.70124e-07,-0.00126374,8.09708,8.09708
internalMesh,184,0.764756,0.00342429,210.528,2.02145,0,0.444,9,9.01095,2.70124e-07,-0.00126374,8.09708,8.09708
internalMesh,185,0.706978,0.00264514,253.419,2.02116,0,0.452,9,9.01134,1.9095e-07,-0.000802704,7.48869,7.48869
internalMesh,186,0.706978,0.00264514,253.419,2.02116,0,0.452,9,9.01134,1.9095e-07,-0.000802704,7.48869,7.48869
internalMesh,187,0.606479,0.00185502,317.062,2.02092,0,0.46,9,9.01175,-1.05883e-08,-0.000462614,6.75009,6.75009
internalMesh,188,0.606479,0.00185502,317.062,2.02092,0,0.46,9,9.01175,-1.05883e-08,-0.000462614,6.75009,6.75009
internalMesh,189,0.450133,0.00109596,422.601,2.02076,0,0.468,9,9.01216,-4.27681e-07,-0.000239586,5.82966,5.82966
internalMesh,190,0.450133,0.00109596,422.601,2.02076,0,0.468,9,9.01216,-4.27681e-07,-0.000239586,5.82966,5.82966
internalMesh,191,0.248255,0.000451533,644.721,2.02067,0,0.476,9,9.01258,-1.12051e-06,-0.00011186,4.66374,4.66374
internalMesh,192,0.248255,0.000451533,644.721,2.02067,0,0.476,9,9.01258,-1.12051e-06,-0.00011186,4.66374,4.66374
internalMesh,193,0.0826543,9.39122e-05,1392.84,2.02064,0,0.484,9,9.01301,-1.8336e-06,-4.62831e-05,3.24046,3.24046
internalMesh,194,0.0826543,9.39122e-05,1392.84,2.02064,0,0.484,9,9.01301,-1.8336e-06,-4.62831e-05,3.24046,3.24046
internalMesh,195,0.0246689,7.45047e-06,6522.91,2.02064,0,0.492,9,9.01344,-2.05403e-06,-1.34663e-05,1.65229,1.65229
internalMesh,196,0.0246689,7.45047e-06,6522.91,2.02064,0,0.492,9,9.01344,-2.05403e-06,-1.34663e-05,1.65229,1.65229
internalMesh,197,0.0240674,0,11059.9,2.02063,0,0.5,9,9.01388,0,0,0,0
internalMesh,198,0.29243,0.0084205,34.7496,2.02654,0,-0.308,9,9.00527,5.92991e-06,0.016375,12.2062,12.2062
internalMesh,199,0.29243,0.0084205,34.7496,2.02654,0,-0.308,9,9.00527,5.92991e-06,0.016375,12.2062,12.2062
internalMesh,200,0.316276,0.0082491,38.3563,2.02644,0,-0.316,9,9.00555,5.92525e-06,0.0158561,12.1237,12.1237
internalMesh,201,0.316276,0.0082491,38.3563,2.02644,0,-0.316,9,9.00555,5.92525e-06,0.0158561,12.1237,12.1237
internalMesh,202,0.343709,0.00813809,42.2449,2.02631,0,-0.324,9,9.00583,5.93113e-06,0.0152307,12.0292,12.0292
internalMesh,203,0.343709,0.00813809,42.2449,2.02631,0,-0.324,9,9.00583,5.93113e-06,0.0152307,12.0292,12.0292
internalMesh,204,0.374622,0.00806356,46.4201,2.02614,0,-0.332,9,9.00612,5.92327e-06,0.0145093,11.9222,11.9222
internalMesh,205,0.374622,0.00806356,46.4201,2.02614,0,-0.332,9,9.00612,5.92327e-06,0.0145093,11.9222,11.9222
internalMesh,206,0.408978,0.00786437,50.9335,2.02595,0,-0.34,9,9.00642,5.90138e-06,0.0136947,11.8011,11.8011
internalMesh,207,0.408978,0.00786437,50.9335,2.02595,0,-0.34,9,9.00642,5.90138e-06,0.0136947,11.8011,11.8011
internalMesh,208,0.446942,0.00753945,55.8834,2.02575,0,-0.348,9,9.00673,5.86125e-06,0.0127802,11.663,11.663
internalMesh,209,0.446942,0.00753945,55.8834,2.02575,0,-0.348,9,9.00673,5.86125e-06,0.0127802,11.663,11.663
internalMesh,210,0.48834,0.00726308,61.3643,2.02552,0,-0.356,9,9.00704,5.78913e-06,0.0117669,11.5056,11.5056
internalMesh,211,0.48834,0.00726308,61.3643,2.02552,0,-0.356,9,9.00704,5.78913e-06,0.0117669,11.5056,11.5056
internalMesh,212,0.532411,0.00706006,67.4939,2.02523,0,-0.364,9,9.00736,5.68086e-06,0.0106757,11.328,11.328
internalMesh,213,0.532411,0.00706006,67.4939,2.02523,0,-0.364,9,9.00736,5.68086e-06,0.0106757,11.328,11.328
internalMesh,214,0.577871,0.0069048,74.3535,2.0249,0,-0.372,9,9.00768,5.54437e-06,0.00953974,11.13,11.13
internalMesh,215,0.577871,0.0069048,74.3535,2.0249,0,-0.372,9,9.00768,5.54437e-06,0.00953974,11.13,11.13
internalMesh,216,0.623008,0.00675788,81.9166,2.02452,0,-0.38,9,9.00802,5.39274e-06,0.00839143,10.9114,10.9114
internalMesh,217,0.623008,0.00675788,81.9166,2.02452,0,-0.38,9,9.00802,5.39274e-06,0.00839143,10.9114,10.9114
internalMesh,218,0.666252,0.00658684,90.2611,2.02412,0,-0.388,9,9.00836,5.23913e-06,0.00725792,10.6713,10.6713
internalMesh,219,0.666252,0.00658684,90.2611,2.02412,0,-0.388,9,9.00836,5.23913e-06,0.00725792,10.6713,10.6713
internalMesh,220,0.706216,0.00636954,99.6466,2.0237,0,-0.396,9,9.00871,5.09359e-06,0.00616152,10.4081,10.4081
internalMesh,221,0.723808,0.00622927,105.033,2.02348,0,-0.4,9,9.00888,5.02844e-06,0.00564139,10.2638,10.2638
internalMesh,222,0.723808,0.00622927,105.033,2.02348,0,-0.4,9,9.00888,5.02844e-06,0.00564139,10.2638,10.2638
internalMesh,223,0.723808,0.00622927,105.033,2.02348,0,-0.4,9,9.00888,5.02844e-06,0.00564139,10.2638,10.2638
internalMesh,224,0.7414,0.00608899,110.419,2.02327,0,-0.404,9,9.00906,4.9633e-06,0.00512127,10.1195,10.1195
internalMesh,225,0.7414,0.00608899,110.419,2.02327,0,-0.404,9,9.00906,4.9633e-06,0.00512127,10.1195,10.1195
internalMesh,226,0.770086,0.00573212,123.02,2.02283,0,-0.412,9,9.00943,4.85263e-06,0.00415348,9.80194,9.80194
internalMesh,227,0.770086,0.00573212,123.02,2.02283,0,-0.412,9,9.00943,4.85263e-06,0.00415348,9.80194,9.80194
internalMesh,228,0.790183,0.00529009,138.05,2.0224,0,-0.42,9,9.00979,4.76315e-06,0.00327154,9.45033,9.45033
internalMesh,229,0.790183,0.00529009,138.05,2.0224,0,-0.42,9,9.00979,4.76315e-06,0.00327154,9.45033,9.45033
internalMesh,230,0.798989,0.00475901,156.43,2.02199,0,-0.428,9,9.01017,4.6926e-06,0.00248569,9.05721,9.05721
internalMesh,231,0.798989,0.00475901,156.43,2.02199,0,-0.428,9,9.01017,4.6926e-06,0.00248569,9.05721,9.05721
internalMesh,232,0.792666,0.0041388,179.707,2.02161,0,-0.436,9,9.01055,4.63281e-06,0.00180327,8.61177,8.61177
internalMesh,233,0.792666,0.0041388,179.707,2.02161,0,-0.436,9,9.01055,4.63281e-06,0.00180327,8.61177,8.61177
internalMesh,234,0.765167,0.00342624,210.519,2.02127,0,-0.444,9,9.01095,4.56479e-06,0.00123078,8.09748,8.09748
internalMesh,235,0.765167,0.00342624,210.519,2.02127,0,-0.444,9,9.01095,4.56479e-06,0.00123078,8.09748,8.09748
internalMesh,236,0.707353,0.00264668,253.409,2.02097,0,-0.452,9,9.01134,4.44487e-06,0.000774333,7.48911,7.48911
internalMesh,237,0.707353,0.00264668,253.409,2.02097,0,-0.452,9,9.01134,4.44487e-06,0.000774333,7.48911,7.48911
internalMesh,238,0.606809,0.00185612,317.053,2.02074,0,-0.46,9,9.01175,4.18842e-06,0.00043954,6.75056,6.75056
internalMesh,239,0.606809,0.00185612,317.053,2.02074,0,-0.46,9,9.01175,4.18842e-06,0.00043954,6.75056,6.75056
internalMesh,240,0.450397,0.00109662,422.597,2.02057,0,-0.468,9,9.01216,3.65762e-06,0.000222548,5.83016,5.83016
internalMesh,241,0.450397,0.00109662,422.597,2.02057,0,-0.468,9,9.01216,3.65762e-06,0.000222548,5.83016,5.83016
internalMesh,242,0.248418,0.000451825,644.727,2.02048,0,-0.476,9,9.01258,2.68428e-06,0.000101255,4.66423,4.66423
internalMesh,243,0.248418,0.000451825,644.727,2.02048,0,-0.476,9,9.01258,2.68428e-06,0.000101255,4.66423,4.66423
internalMesh,244,0.0827145,9.39799e-05,1392.85,2.02045,0,-0.484,9,9.01301,1.4153e-06,4.13967e-05,3.24084,3.24084
internalMesh,245,0.0827145,9.39799e-05,1392.85,2.02045,0,-0.484,9,9.01301,1.4153e-06,4.13967e-05,3.24084,3.24084
internalMesh,246,0.0246817,7.45531e-06,6522.91,2.02045,0,-0.492,9,9.01344,-7.6759e-07,1.22825e-05,1.65249,1.65249
internalMesh,247,0.0246817,7.45531e-06,6522.91,2.02045,0,-0.492,9,9.01344,-7.6759e-07,1.22825e-05,1.65249,1.65249
internalMesh,248,0.024075,0,11059.9,2.02045,0,-0.5,9,9.01388,0,0,0,0
